,연도,팀명,G,W,D,L,WPCT,R,R(A),RD,WIN,POST,AVG,PA,AB,H,2B,3B,HR,TB,RBI,SAC,SF,BB,IBB,HBP,SO,GDP,SLG,OBP,OPS,MH,RISP,PH-BA,ERA,SV,HLD,HA,HR(A),BB(A),HBP(A),K,ER,WHIP,CG,SHO,QS,BSV,TBF,NP,AVG(A),2B(A),3B(A),GDP(A),SAC(A),IBB(A),WP,BK,E,PKO,PO,A,DP,FPCT,PB,SB,CS,CS%,SBA(R),SB(R),CS(R),SB(R)%,OOB,PKO(R)
0,2001,KIA,133,60,5,68,0.469,683,727,-44,N,N,0.278,5189,4542,1263,221,17,142,1944,637,51,43,497,21,56,774,129,0.428,0.353,0.781,133,0.272,0.225,5.01,28,16,1231,160,499,79,743,656,1.47,10,6,35,0,5207,19799,0.272,212,16,71,36,17,51,3,107,1,3536,1477,134,0.979,10,100,53,34.6,155,92,63,59.4,0,0
1,2001,LG,133,58,8,67,0.464,669,732,-63,N,N,0.276,5319,4521,1247,219,24,85,1769,630,114,41,590,24,52,759,100,0.391,0.363,0.754,133,0.28,0.263,5.09,26,27,1253,127,647,69,765,670,1.6,0,3,43,0,5380,21119,0.277,204,23,99,46,43,52,6,103,12,3554,1485,129,0.98,16,110,55,33.3,154,96,58,62.3,0,0
2,2001,SK,133,60,2,71,0.458,596,640,-44,N,N,0.26,5077,4400,1143,215,11,113,1719,555,122,26,457,23,71,770,95,0.391,0.337,0.728,133,0.255,0.274,4.38,33,22,1148,155,508,65,908,570,1.41,11,8,61,0,5110,19710,0.259,217,9,76,34,31,54,1,96,3,3514,1434,124,0.981,19,106,44,29.3,182,123,59,67.6,0,0
3,2001,두산,133,65,5,63,0.508,732,733,-1,Y,Y,0.276,5303,4583,1266,221,26,130,1929,688,54,46,560,27,60,697,116,0.421,0.359,0.78,133,0.278,0.163,4.96,35,40,1290,128,546,60,799,650,1.56,1,3,27,0,5282,20071,0.284,196,23,85,48,17,47,0,109,3,3541,1599,140,0.979,12,126,56,30.8,166,132,34,79.5,0,0
4,2001,롯데,133,59,4,70,0.457,718,670,48,N,N,0.28,5308,4521,1265,247,24,121,1923,671,82,60,585,39,60,817,89,0.425,0.365,0.79,133,0.288,0.244,4.68,33,28,1238,128,523,61,790,609,1.5,0,3,43,0,5189,19593,0.276,251,22,86,38,23,53,2,99,9,3515,1518,141,0.981,12,85,58,40.6,159,106,53,66.7,0,0
5,2001,삼성,133,81,0,52,0.609,739,644,95,N,Y,0.277,5280,4553,1262,244,21,162,2034,695,69,42,520,27,95,814,111,0.447,0.36,0.807,133,0.267,0.223,4.39,43,20,1195,132,561,61,844,579,1.48,7,6,51,0,5243,20128,0.265,207,13,76,37,20,38,8,79,7,3562,1365,112,0.984,10,95,48,33.6,117,73,44,62.4,0,0
6,2001,한화,133,61,4,68,0.473,659,733,-74,N,Y,0.275,5259,4556,1255,211,15,148,1940,628,75,34,549,28,45,877,106,0.426,0.357,0.783,133,0.265,0.233,4.82,25,33,1288,142,541,66,813,634,1.54,7,5,49,0,5331,20774,0.28,238,26,73,45,44,57,5,117,2,3555,1413,130,0.977,9,111,48,30.2,200,135,65,67.5,0,0
7,2001,현대,133,72,4,57,0.558,711,628,83,N,Y,0.268,5225,4445,1192,166,20,169,1905,667,77,29,598,14,76,911,109,0.429,0.362,0.791,133,0.279,0.232,4.34,39,23,1250,98,531,54,757,570,1.51,6,3,56,0,5218,20097,0.277,219,26,78,37,8,54,1,116,6,3550,1553,147,0.978,5,96,69,41.8,154,99,55,64.3,0,0
8,2002,KIA,133,78,4,51,0.605,643,580,63,N,Y,0.269,5200,4575,1230,220,14,120,1838,611,45,35,454,32,91,914,107,0.402,0.344,0.746,133,0.268,0.25,3.92,38,30,1185,151,370,97,862,520,1.3,10,7,55,0,5106,19112,0.26,159,12,54,34,14,55,2,101,1,3585,1403,127,0.98,12,75,60,44.4,194,155,39,79.9,54,8
9,2002,LG,133,66,6,61,0.52,583,575,8,N,Y,0.261,5121,4492,1173,212,22,100,1729,541,93,37,412,29,86,951,91,0.385,0.332,0.717,133,0.258,0.178,3.93,32,40,1119,135,501,100,896,520,1.36,2,9,38,0,5145,20432,0.252,185,19,74,26,30,40,5,91,10,3572,1369,139,0.982,8,67,48,41.7,203,140,63,69,46,7
10,2002,SK,133,61,3,69,0.469,618,638,-20,N,N,0.27,5090,4475,1207,204,27,158,1939,587,96,34,385,15,100,815,94,0.433,0.339,0.772,133,0.271,0.218,4.47,25,15,1150,176,402,78,948,586,1.32,5,7,54,0,5074,19578,0.255,209,15,55,23,34,34,3,94,8,3537,1363,95,0.981,8,129,50,27.9,135,80,55,59.3,60,11
11,2002,두산,133,66,2,65,0.504,587,562,25,N,N,0.261,5083,4498,1173,174,21,130,1779,556,47,46,434,17,58,794,107,0.396,0.331,0.727,133,0.255,0.266,3.93,38,43,1139,99,479,60,954,517,1.37,3,6,60,0,5087,19237,0.257,187,23,77,33,30,44,2,88,3,3549,1447,130,0.983,7,103,53,34,148,106,42,71.6,46,1
12,2002,롯데,133,35,1,97,0.265,463,710,-247,N,N,0.245,4986,4512,1105,206,19,85,1604,443,49,22,324,14,78,978,75,0.355,0.305,0.66,132,0.224,0.131,4.72,13,19,1269,130,443,83,775,612,1.47,5,7,49,0,5156,19635,0.281,266,28,70,45,16,40,1,117,2,3504,1523,165,0.977,13,107,41,27.7,139,76,63,54.7,51,9
13,2002,삼성,133,82,4,47,0.636,777,581,196,Y,Y,0.284,5304,4648,1321,266,16,191,2192,731,55,34,469,26,97,804,116,0.472,0.36,0.832,133,0.278,0.165,3.92,37,22,1182,148,385,74,987,521,1.31,2,8,45,0,5089,19535,0.262,214,22,80,33,16,45,3,87,5,3593,1409,115,0.983,14,74,65,46.8,76,47,29,61.8,49,5
14,2002,한화,133,59,5,69,0.461,603,672,-69,N,N,0.256,5062,4491,1148,206,10,170,1884,570,52,22,446,22,49,1064,106,0.42,0.328,0.748,133,0.251,0.189,4.79,32,32,1254,146,392,102,953,631,1.39,8,5,54,0,5198,20061,0.272,229,25,62,38,29,42,4,85,10,3554,1363,94,0.983,9,116,43,27,159,94,65,59.1,38,3
15,2002,현대,133,70,5,58,0.547,658,614,44,N,Y,0.261,5140,4444,1160,191,25,173,1920,643,99,34,464,26,99,945,82,0.432,0.342,0.774,133,0.27,0.209,4.23,38,36,1219,142,416,64,890,558,1.38,3,6,49,0,5131,19927,0.268,230,10,64,32,12,54,5,82,10,3559,1445,125,0.984,12,82,46,35.9,129,79,50,61.2,50,6
16,2003,KIA,133,78,5,50,0.609,657,527,130,N,Y,0.272,5127,4448,1211,219,16,129,1849,626,94,37,505,18,42,721,72,0.416,0.349,0.765,131,0.284,0.226,3.62,36,34,1092,137,414,101,820,474,1.28,12,10,65,0,4999,19162,0.25,178,10,88,30,12,42,1,70,1,3534,1493,123,0.986,7,48,52,52,213,146,67,68.5,73,11
17,2003,LG,133,60,2,71,0.458,509,579,-70,N,N,0.249,4964,4375,1088,188,29,106,1652,485,74,40,404,11,70,781,90,0.378,0.319,0.697,133,0.229,0.201,3.98,37,51,1201,120,531,60,794,517,1.48,2,10,48,0,5166,20403,0.271,185,23,116,34,27,49,2,98,15,3509,1308,116,0.98,6,47,52,52.5,197,135,62,68.5,40,5
18,2003,SK,133,66,3,64,0.508,644,642,2,N,Y,0.272,5157,4445,1208,209,16,156,1917,612,127,32,464,10,89,763,87,0.431,0.35,0.781,133,0.269,0.19,4.44,43,48,1190,135,497,83,759,583,1.43,3,10,44,0,5158,19830,0.267,212,21,84,32,19,42,2,90,14,3544,1560,118,0.983,14,101,67,39.9,139,82,57,59,64,5
19,2003,두산,133,57,2,74,0.435,563,619,-56,N,N,0.276,5165,4536,1251,205,21,90,1768,541,63,52,452,17,62,706,121,0.39,0.346,0.736,133,0.271,0.272,4.24,30,53,1194,105,464,79,654,554,1.41,7,7,52,0,5144,19144,0.268,208,18,105,43,22,37,3,90,2,3527,1403,135,0.982,10,108,39,26.5,94,58,36,61.7,45,7
20,2003,롯데,133,39,3,91,0.3,491,709,-218,N,N,0.256,4987,4465,1143,232,18,73,1630,451,83,28,338,11,73,848,75,0.365,0.317,0.682,133,0.243,0.206,5.01,22,58,1302,171,435,93,647,648,1.49,3,4,44,0,5173,19413,0.289,259,22,93,40,16,36,3,104,7,3493,1547,147,0.98,14,78,51,39.5,150,84,66,56,60,8
21,2003,삼성,133,76,4,53,0.589,769,613,156,N,Y,0.284,5241,4564,1295,236,14,213,2198,744,73,38,481,19,85,661,131,0.482,0.36,0.842,133,0.293,0.206,4.37,30,41,1199,133,494,59,808,574,1.43,2,5,45,0,5150,19834,0.268,222,24,95,29,15,46,3,75,10,3549,1379,118,0.985,9,81,54,40,88,56,32,63.6,41,5
22,2003,한화,133,63,5,65,0.492,577,617,-40,N,N,0.254,5198,4458,1131,218,20,121,1752,521,102,21,542,22,75,887,89,0.393,0.343,0.736,133,0.252,0.201,4.37,35,31,1184,142,437,68,772,579,1.36,4,8,54,0,5165,19888,0.261,222,14,82,45,14,53,9,75,4,3576,1324,97,0.985,7,110,37,25.2,135,78,57,57.8,64,12
23,2003,현대,133,80,2,51,0.611,723,627,96,Y,Y,0.286,5313,4483,1280,208,15,175,2043,673,139,38,543,23,109,727,100,0.456,0.373,0.829,133,0.272,0.208,4.13,39,43,1245,120,457,62,840,546,1.43,2,4,58,0,5197,20181,0.273,229,17,92,33,6,56,2,112,3,3570,1448,131,0.978,9,120,73,37.8,123,75,48,61,72,5
24,2004,KIA,133,67,5,61,0.523,643,637,6,N,Y,0.267,5190,4426,1182,224,9,143,1853,610,82,54,549,22,79,693,118,0.419,0.354,0.773,132,0.263,0.263,4.51,27,24,1198,119,496,120,773,593,1.43,5,9,49,0,5199,19717,0.268,213,22,77,39,13,48,1,79,2,3549,1451,151,0.984,7,62,43,41,181,127,54,70.2,38,10
25,2004,LG,133,59,4,70,0.457,588,637,-49,N,N,0.259,5081,4432,1150,176,24,102,1680,554,73,40,441,18,95,892,89,0.379,0.337,0.716,133,0.264,0.193,4.31,35,64,1235,116,543,64,783,557,1.53,3,6,46,0,5180,20349,0.277,207,17,76,42,31,55,1,104,13,3493,1361,142,0.979,16,64,51,44.3,117,69,48,59,56,7
26,2004,SK,133,61,8,64,0.488,655,644,11,N,N,0.272,5254,4499,1223,196,9,138,1851,626,105,35,521,24,93,818,98,0.411,0.357,0.768,132,0.271,0.159,4.4,29,49,1173,116,538,110,891,580,1.44,3,6,39,0,5216,20469,0.263,208,13,79,25,18,57,8,83,10,3559,1469,147,0.984,12,90,60,40,97,50,47,51.5,53,4
27,2004,두산,133,70,1,62,0.53,606,560,46,N,Y,0.268,5109,4485,1200,202,19,89,1707,573,55,40,433,12,96,780,86,0.381,0.342,0.723,132,0.268,0.218,3.88,38,47,1144,95,457,75,799,508,1.36,4,12,54,0,5056,19198,0.26,177,15,84,40,18,49,3,88,6,3533,1409,146,0.983,11,82,40,32.8,130,71,59,54.6,59,9
28,2004,롯데,133,50,11,72,0.41,533,608,-75,N,N,0.252,5075,4462,1125,195,21,88,1626,500,74,31,416,15,92,853,99,0.364,0.327,0.691,132,0.248,0.146,4.22,29,46,1216,109,449,76,753,558,1.4,4,8,49,0,5160,19578,0.272,220,13,105,53,41,43,3,87,11,3571,1520,134,0.983,9,89,45,33.6,175,129,46,73.7,66,10
29,2004,삼성,133,73,8,52,0.584,641,564,77,N,Y,0.269,5170,4509,1215,225,9,132,1854,600,84,31,460,22,86,704,122,0.411,0.346,0.757,131,0.268,0.16,3.76,42,74,1092,118,505,85,994,500,1.33,4,9,52,0,5138,20237,0.247,181,13,87,34,17,43,6,88,7,3589,1424,112,0.983,13,86,66,43.4,82,50,32,61,50,14
30,2004,한화,133,53,6,74,0.417,632,750,-118,N,N,0.268,5150,4519,1213,245,17,140,1912,605,88,33,456,14,54,923,107,0.423,0.34,0.763,133,0.262,0.248,5.21,37,36,1290,170,455,92,699,683,1.48,3,0,48,0,5267,19697,0.282,215,12,95,44,18,47,2,95,8,3542,1397,115,0.981,11,96,40,29.4,140,82,58,58.6,50,7
31,2004,현대,133,75,5,53,0.586,692,590,102,Y,Y,0.275,5322,4480,1233,190,13,134,1851,653,111,38,607,29,86,871,109,0.413,0.37,0.783,133,0.286,0.28,4.06,36,32,1193,123,440,59,842,535,1.38,3,8,70,0,5135,20159,0.263,232,16,69,25,0,41,4,78,7,3561,1467,112,0.985,12,82,45,35.4,145,100,45,69,67,6
32,2005,KIA,126,49,1,76,0.392,541,659,-118,N,N,0.26,4848,4234,1102,183,13,99,1608,507,79,31,430,24,74,718,101,0.38,0.337,0.717,125,0.24,0.191,4.81,24,26,1166,138,510,119,786,591,1.52,8,5,41,0,4975,19287,0.276,200,7,91,33,16,59,3,98,11,3315,1388,128,0.98,10,97,44,31.2,144,101,43,70.1,43,6
33,2005,LG,126,54,1,71,0.432,601,666,-65,N,N,0.26,4785,4222,1098,189,21,105,1644,554,80,41,349,12,93,915,72,0.389,0.327,0.716,126,0.276,0.247,4.9,31,59,1212,109,480,80,781,600,1.53,3,7,50,0,4969,19542,0.283,200,18,88,40,27,48,5,89,15,3307,1314,112,0.981,12,78,34,30.4,194,149,45,76.8,30,10
34,2005,SK,126,70,6,50,0.583,589,485,104,N,Y,0.269,4984,4230,1139,174,12,122,1703,559,136,38,495,27,85,806,88,0.403,0.355,0.758,126,0.249,0.265,3.41,27,50,1005,103,422,99,843,431,1.26,2,10,50,0,4822,18822,0.24,160,11,88,23,14,31,1,80,10,3411,1321,103,0.983,9,82,62,43.1,155,101,54,65.2,58,15
35,2005,두산,126,72,3,51,0.585,596,465,131,N,Y,0.27,4922,4256,1147,183,17,63,1553,558,81,35,465,14,85,701,93,0.365,0.351,0.716,126,0.275,0.164,3.42,33,51,1038,90,440,77,818,427,1.31,2,14,55,0,4774,18006,0.251,148,6,82,33,13,56,2,80,7,3375,1299,149,0.983,12,86,36,29.5,153,103,50,67.3,51,4
36,2005,롯데,126,58,1,67,0.464,500,573,-73,N,N,0.253,4722,4177,1058,202,23,83,1555,470,94,20,361,11,70,856,83,0.372,0.322,0.694,125,0.261,0.228,4.3,33,24,1097,91,408,89,817,535,1.34,2,6,58,0,4845,18373,0.26,191,17,98,26,41,44,1,98,9,3361,1417,124,0.98,6,111,36,24.5,140,88,52,62.9,57,8
37,2005,삼성,126,74,4,48,0.607,614,528,86,Y,Y,0.268,4975,4234,1134,178,6,111,1657,575,98,34,500,21,109,748,112,0.391,0.357,0.748,126,0.265,0.204,3.83,37,62,1026,109,387,79,875,480,1.25,2,7,40,0,4791,18580,0.244,197,21,93,23,11,49,5,86,5,3388,1361,98,0.982,2,83,37,30.8,135,97,38,71.9,42,7
38,2005,한화,126,64,1,61,0.512,622,603,19,N,Y,0.27,4841,4304,1163,211,9,159,1869,594,31,31,400,12,75,824,121,0.434,0.341,0.775,126,0.261,0.22,4.41,36,43,1193,111,389,88,662,545,1.42,2,6,55,0,4870,18413,0.279,187,16,79,45,9,35,2,110,4,3333,1479,127,0.978,7,130,54,29.3,86,62,24,72.1,33,2
39,2005,현대,126,53,3,70,0.431,563,647,-84,N,N,0.256,4899,4190,1071,168,16,134,1673,529,105,26,458,12,120,817,85,0.399,0.344,0.743,125,0.241,0.257,4.68,28,22,1175,125,422,80,803,580,1.43,2,9,47,0,4930,18926,0.273,205,21,85,33,2,43,3,100,3,3347,1340,111,0.979,7,88,41,31.8,119,81,38,68.1,56,12
40,2006,KIA,126,64,3,59,0.52,476,451,25,N,N,0.255,4754,4181,1067,191,22,62,1488,431,102,26,390,20,55,650,90,0.356,0.325,0.681,126,0.247,0.259,3.33,35,29,998,73,442,78,735,414,1.29,2,9,49,8,4725,18216,0.243,172,7,81,23,17,44,2,66,8,3355,1426,133,0.986,6,77,39,33.6,136,93,43,68.4,46,8
41,2006,LG,126,47,4,75,0.385,457,574,-117,N,N,0.246,4724,4217,1037,181,16,81,1493,430,92,32,330,19,52,813,86,0.354,0.306,0.66,125,0.232,0.208,4.22,29,53,1144,87,439,60,625,521,1.43,3,10,51,12,4834,18397,0.273,188,22,115,33,23,41,3,82,9,3330,1382,132,0.983,7,64,42,39.6,117,84,33,71.8,30,8
42,2006,SK,126,60,1,65,0.48,509,535,-26,N,N,0.254,4793,4177,1059,171,19,99,1565,488,96,33,424,19,63,859,84,0.375,0.329,0.704,126,0.246,0.254,3.8,33,52,1071,85,446,83,701,475,1.35,0,6,47,11,4819,18300,0.259,172,11,119,33,24,26,2,90,8,3372,1436,137,0.982,6,121,50,29.2,164,117,47,71.3,58,11
43,2006,두산,126,63,3,60,0.512,455,467,-12,N,N,0.258,4708,4147,1068,152,28,55,1441,425,81,27,368,14,83,635,102,0.347,0.328,0.675,126,0.258,0.176,3.36,39,29,968,69,424,69,834,416,1.25,7,10,67,8,4690,17927,0.24,158,18,117,47,13,55,1,95,7,3347,1306,110,0.98,19,108,47,30.3,189,132,57,69.8,72,8
44,2006,롯데,126,50,3,73,0.407,488,541,-53,N,N,0.25,4766,4137,1034,173,3,88,1477,463,124,21,418,17,65,815,84,0.357,0.327,0.684,125,0.268,0.184,3.86,28,34,1128,83,410,60,637,480,1.37,5,9,64,18,4822,18088,0.268,210,12,100,38,30,30,1,84,10,3356,1529,123,0.983,13,70,48,40.7,103,62,41,60.2,68,7
45,2006,삼성,126,73,3,50,0.593,538,471,67,Y,Y,0.255,4779,4091,1043,192,9,73,1472,505,90,42,477,14,79,689,107,0.36,0.341,0.701,126,0.254,0.246,3.33,49,65,1030,100,365,63,781,414,1.25,1,15,56,9,4699,18038,0.249,185,10,98,28,9,21,7,76,3,3354,1293,94,0.984,5,78,48,38.1,173,121,52,69.9,56,6
46,2006,한화,126,67,2,57,0.54,511,475,36,N,Y,0.253,4769,4170,1057,191,3,110,1584,481,68,30,442,13,59,800,120,0.38,0.331,0.711,123,0.24,0.195,3.35,41,47,1077,94,373,49,760,418,1.29,11,14,56,10,4731,17764,0.257,166,11,94,18,17,37,2,84,6,3364,1421,105,0.983,7,123,51,29.3,93,65,28,69.9,41,3
47,2006,현대,126,70,1,55,0.56,547,467,80,N,Y,0.27,4798,4092,1104,172,9,92,1570,518,153,32,444,17,77,628,108,0.384,0.35,0.734,126,0.272,0.207,3.41,41,45,1053,69,394,71,816,422,1.3,2,15,67,8,4771,18458,0.251,172,18,82,23,0,39,0,93,6,3344,1326,125,0.98,3,81,23,22.1,118,71,47,60.2,53,9
48,2007,KIA,126,51,1,74,0.408,499,602,-103,N,N,0.257,4811,4204,1080,198,16,73,1529,465,78,45,428,7,55,630,117,0.364,0.33,0.694,126,0.242,0.156,4.49,26,27,1109,103,526,97,670,554,1.47,2,6,43,6,4933,18852,0.266,244,17,93,39,28,60,7,77,5,3329,1426,131,0.984,8,114,37,24.5,114,70,44,61.4,30,5
49,2007,LG,126,58,6,62,0.483,532,600,-68,N,N,0.268,4933,4322,1160,186,19,78,1618,508,89,43,431,24,48,704,107,0.374,0.338,0.712,126,0.262,0.266,4.33,34,58,1181,63,514,52,630,547,1.49,2,9,58,16,5014,19341,0.275,215,27,105,55,21,48,2,94,9,3407,1463,150,0.981,9,56,39,41.1,176,130,46,73.9,48,11
50,2007,SK,126,73,5,48,0.603,603,465,138,Y,Y,0.264,4881,4236,1118,212,20,112,1706,568,87,40,442,22,76,750,86,0.403,0.341,0.744,125,0.283,0.223,3.24,36,77,1079,77,445,67,650,410,1.34,1,10,58,9,4852,18425,0.256,141,7,94,32,27,28,1,88,3,3418,1503,152,0.982,1,71,50,41.3,204,136,68,66.7,50,9
51,2007,두산,126,70,2,54,0.565,578,480,98,N,Y,0.263,4856,4199,1103,209,32,78,1610,543,68,51,449,21,88,748,102,0.383,0.343,0.726,126,0.269,0.137,3.44,30,42,1067,74,399,75,721,432,1.3,6,14,57,11,4814,18464,0.252,187,17,79,34,24,43,4,73,3,3394,1333,115,0.985,15,105,38,26.6,220,161,59,73.2,62,12
52,2007,롯데,126,55,3,68,0.447,533,554,-21,N,N,0.27,4894,4273,1152,193,18,76,1609,501,104,39,405,34,73,763,87,0.377,0.34,0.717,126,0.282,0.262,4.12,22,24,1164,93,414,69,704,513,1.41,2,9,59,12,4871,18425,0.274,184,19,95,43,40,46,4,82,14,3362,1444,118,0.983,10,80,38,32.2,113,67,46,59.3,56,3
53,2007,삼성,126,62,4,60,0.508,497,509,-12,N,Y,0.254,4895,4186,1062,191,9,86,1529,469,95,39,511,28,63,678,93,0.365,0.341,0.706,125,0.238,0.273,3.71,41,51,1091,90,400,58,719,466,1.32,0,11,42,6,4824,18606,0.258,187,20,94,46,7,35,5,87,8,3395,1431,113,0.982,8,70,43,38.1,147,101,46,68.7,41,6
54,2007,한화,126,67,2,57,0.54,534,481,53,N,Y,0.254,4805,4128,1050,165,13,104,1553,502,87,28,506,17,56,705,128,0.376,0.342,0.718,124,0.271,0.216,3.54,39,36,1084,84,451,53,741,440,1.37,9,5,66,12,4781,18314,0.261,182,6,82,36,24,38,4,76,9,3357,1468,118,0.984,3,124,74,37.4,69,48,21,69.6,43,5
55,2007,현대,126,56,1,69,0.448,530,615,-85,N,N,0.271,4920,4260,1154,178,7,96,1634,507,125,32,443,38,60,653,111,0.384,0.346,0.73,126,0.269,0.3,4.41,27,46,1104,119,466,48,796,552,1.39,1,2,44,11,4906,18861,0.259,192,21,91,32,20,32,4,96,4,3381,1327,106,0.98,12,127,47,27,87,51,36,58.6,57,5
56,2008,KIA,126,57,0,69,0.452,503,555,-52,N,N,0.26,4832,4210,1095,188,28,48,1483,465,85,35,453,14,48,642,97,0.352,0.336,0.688,126,0.251,0.217,4.08,29,26,1078,65,473,77,733,510,1.38,3,9,58,10,4850,18391,0.256,180,19,50,42,9,52,5,75,5,3372,1481,129,0.985,6,143,54,27.4,196,131,65,66.8,62,11
57,2008,LG,126,46,0,80,0.365,468,646,-178,N,N,0.256,4743,4184,1070,164,23,66,1478,447,85,50,364,6,59,765,90,0.353,0.321,0.674,126,0.249,0.257,4.85,25,40,1239,82,480,72,631,597,1.55,1,9,42,10,4976,18608,0.288,225,41,77,39,4,46,3,76,13,3325,1365,118,0.984,7,87,51,37,156,111,45,71.2,48,8
58,2008,SK,126,83,0,43,0.659,632,461,171,Y,Y,0.282,5003,4332,1222,215,23,89,1750,591,80,38,491,15,62,735,99,0.404,0.361,0.765,126,0.278,0.289,3.22,43,72,1053,78,448,55,801,412,1.3,1,10,52,16,4855,18607,0.248,127,14,70,32,13,35,2,102,9,3453,1464,133,0.98,6,89,65,42.2,253,170,83,67.2,52,7
59,2008,두산,126,70,0,56,0.556,647,542,105,N,Y,0.276,4975,4344,1198,166,37,68,1642,598,36,44,472,23,78,719,115,0.378,0.354,0.732,126,0.278,0.31,3.89,26,37,1115,78,379,69,780,490,1.32,0,8,41,14,4857,18259,0.259,192,29,66,45,13,45,5,92,5,3404,1325,111,0.981,12,109,46,29.7,252,189,63,75,47,8
60,2008,롯데,126,69,0,57,0.548,624,518,106,N,Y,0.282,4890,4256,1200,199,22,93,1722,590,62,51,445,13,76,728,97,0.405,0.356,0.761,126,0.273,0.189,3.64,27,38,1134,70,409,47,671,453,1.38,9,5,68,11,4769,17361,0.27,196,22,78,40,32,42,2,92,3,3357,1507,155,0.981,7,112,55,32.9,201,133,68,66.2,77,9
61,2008,삼성,126,65,0,61,0.516,557,596,-39,N,Y,0.258,4859,4180,1078,186,16,92,1572,520,70,38,505,15,65,699,115,0.376,0.344,0.72,124,0.274,0.206,4.4,40,48,1184,87,416,43,703,549,1.42,0,6,27,7,4867,18532,0.275,209,18,54,41,4,49,4,69,9,3370,1387,119,0.986,9,124,59,32.2,96,59,37,61.5,53,6
62,2008,우리,126,50,0,76,0.397,499,609,-110,N,N,0.266,4834,4317,1149,190,19,70,1587,471,51,33,396,20,37,713,114,0.368,0.331,0.699,126,0.27,0.237,4.43,29,36,1159,91,465,70,729,554,1.44,4,10,57,15,4933,18768,0.269,209,29,52,39,20,46,2,100,10,3376,1403,121,0.98,10,123,58,32,154,97,57,63,44,10
63,2008,한화,126,64,0,62,0.508,592,595,-3,N,N,0.254,4882,4275,1086,204,20,120,1690,566,52,35,463,17,57,770,100,0.395,0.333,0.728,124,0.283,0.195,4.43,36,39,1136,95,519,49,723,556,1.47,3,5,44,10,4911,18991,0.269,174,16,74,46,28,37,4,61,8,3389,1457,150,0.988,9,171,55,24.3,122,97,25,79.5,38,4
64,2009,KIA,133,81,4,48,0.628,706,581,125,Y,Y,0.267,5215,4455,1191,197,24,156,1904,671,74,41,579,27,66,890,112,0.427,0.357,0.784,132,0.278,0.262,3.92,38,36,1178,108,441,83,893,522,1.35,4,10,62,14,5176,19699,0.258,214,17,52,34,22,22,2,94,5,3597,1500,129,0.982,3,133,45,25.3,165,113,52,68.5,64,12
65,2009,LG,133,54,4,75,0.419,670,763,-93,N,N,0.278,5248,4505,1251,182,21,129,1862,627,97,45,552,28,49,781,124,0.413,0.36,0.773,133,0.265,0.261,5.42,25,38,1316,165,585,91,777,707,1.62,0,3,44,11,5339,20615,0.29,241,20,85,43,10,56,1,84,9,3525,1514,153,0.984,13,136,49,26.5,188,141,47,75,56,6
66,2009,SK,133,80,6,47,0.63,732,550,182,N,Y,0.285,5379,4574,1303,235,17,166,2070,693,128,40,552,16,84,892,103,0.453,0.369,0.822,133,0.256,0.294,3.67,33,34,1141,130,519,54,1032,494,1.37,2,4,54,10,5203,20394,0.252,154,17,64,31,34,68,3,94,5,3639,1406,152,0.982,9,80,43,35,249,181,68,72.7,60,10
67,2009,두산,133,71,2,60,0.542,722,662,60,N,Y,0.28,5265,4591,1286,215,33,120,1927,669,26,40,522,21,86,849,128,0.42,0.362,0.782,133,0.284,0.157,4.6,32,59,1221,120,515,75,862,607,1.46,1,6,27,15,5205,19936,0.272,222,28,73,47,7,55,3,83,6,3559,1455,148,0.984,12,107,53,33.1,179,129,50,72.1,62,7
68,2009,롯데,133,66,0,67,0.496,637,669,-32,N,Y,0.277,5053,4420,1223,252,15,121,1868,597,60,49,456,9,68,816,121,0.423,0.35,0.773,133,0.273,0.188,4.75,40,37,1290,139,487,67,722,613,1.53,6,13,52,7,5165,18777,0.287,241,14,67,42,35,49,3,96,9,3487,1523,152,0.981,9,113,49,30.2,151,106,45,70.2,69,6
69,2009,삼성,133,64,0,69,0.481,685,700,-15,N,N,0.275,5220,4459,1224,233,15,146,1925,650,67,43,584,23,67,789,108,0.432,0.364,0.796,133,0.275,0.266,4.98,32,45,1226,141,609,56,905,644,1.58,3,2,45,14,5209,20355,0.278,225,24,80,51,9,67,1,80,10,3491,1368,136,0.984,8,142,56,28.3,175,125,50,71.4,64,8
70,2009,한화,133,46,3,84,0.354,657,805,-148,N,N,0.269,5273,4620,1241,211,13,164,1970,629,43,31,498,16,81,1017,126,0.426,0.348,0.774,133,0.264,0.258,5.7,16,34,1335,176,569,77,908,743,1.62,4,2,32,9,5346,20758,0.292,205,23,65,56,28,56,5,94,10,3522,1417,146,0.981,11,174,56,24.3,89,69,20,77.5,38,5
71,2009,히어로즈,133,60,1,72,0.455,683,762,-79,N,N,0.272,5211,4486,1219,228,20,153,1946,650,64,48,547,24,63,905,116,0.434,0.356,0.79,133,0.26,0.199,5.4,29,32,1231,176,565,61,840,705,1.53,0,5,44,14,5221,20576,0.274,251,15,73,33,19,51,5,90,6,3523,1459,141,0.982,16,138,48,25.8,259,192,67,74.1,50,8
72,2010,KIA,133,59,0,74,0.444,611,641,-30,N,N,0.26,5166,4416,1148,190,17,106,1690,574,109,33,523,14,85,865,110,0.383,0.347,0.73,133,0.263,0.165,4.39,25,40,1227,93,468,81,885,577,1.43,4,7,54,26,5205,20067,0.272,232,14,102,35,19,53,4,86,8,3551,1493,118,0.983,4,156,48,23.5,169,117,52,69.2,48,14
73,2010,LG,133,57,5,71,0.445,688,746,-58,N,N,0.276,5270,4604,1270,223,17,121,1890,652,82,44,486,25,54,907,97,0.411,0.349,0.76,133,0.287,0.192,5.23,31,59,1279,125,560,104,793,690,1.55,3,8,34,19,5326,20443,0.284,209,14,106,52,23,74,6,92,9,3564,1573,167,0.982,7,124,66,34.7,225,169,56,75.1,58,15
74,2010,SK,133,84,2,47,0.641,704,545,159,Y,Y,0.274,5213,4439,1217,222,16,120,1831,648,147,44,485,25,98,813,86,0.412,0.355,0.767,132,0.284,0.243,3.71,36,39,1074,117,543,47,1091,494,1.35,2,11,53,9,5114,20297,0.243,155,17,85,22,27,80,2,81,6,3595,1400,126,0.984,7,109,59,35.1,230,161,69,70,51,13
75,2010,넥센,133,52,3,78,0.4,570,652,-82,N,N,0.262,5139,4452,1165,199,20,87,1665,539,95,43,480,16,68,874,119,0.374,0.34,0.714,132,0.268,0.221,4.55,27,39,1162,122,614,95,832,599,1.5,1,2,42,12,5231,21053,0.265,201,16,93,48,17,66,3,93,17,3557,1515,148,0.982,9,160,68,29.8,191,135,56,70.7,56,5
76,2010,두산,133,73,3,57,0.562,731,669,62,N,Y,0.281,5252,4538,1276,224,25,149,1997,706,54,38,533,27,89,834,97,0.44,0.365,0.805,133,0.284,0.21,4.62,30,56,1190,135,437,85,888,606,1.38,2,7,50,12,5131,19681,0.266,194,23,89,47,6,58,2,91,11,3539,1455,112,0.982,8,119,44,27,189,128,61,67.7,56,12
77,2010,롯데,133,69,3,61,0.531,773,710,63,N,Y,0.288,5261,4673,1345,220,16,185,2152,739,60,41,420,15,67,873,105,0.461,0.352,0.813,133,0.315,0.202,4.82,21,37,1291,149,419,78,779,640,1.43,7,6,63,14,5204,19218,0.282,227,20,89,37,41,49,3,102,11,3582,1680,130,0.981,6,131,62,32.1,175,124,51,70.9,62,7
78,2010,삼성,133,79,2,52,0.603,681,575,106,N,Y,0.272,5287,4436,1207,212,14,118,1801,630,111,44,621,29,75,916,111,0.406,0.368,0.774,133,0.265,0.247,3.94,33,44,1168,103,453,54,951,523,1.36,2,7,35,12,5119,19811,0.26,203,20,84,38,11,61,3,92,12,3581,1369,118,0.982,6,134,65,32.7,213,158,55,74.2,54,8
79,2010,한화,133,49,2,82,0.374,543,763,-220,N,N,0.244,5009,4321,1053,160,13,104,1551,508,75,33,497,10,80,943,106,0.359,0.331,0.69,133,0.263,0.172,5.43,24,28,1290,146,551,72,806,705,1.57,6,6,46,9,5267,20322,0.286,229,14,85,41,17,65,5,80,10,3508,1448,127,0.984,7,151,58,27.8,191,121,70,63.4,56,11
80,2011,KIA,133,70,0,63,0.526,627,580,47,N,Y,0.269,5129,4373,1177,204,15,106,1729,597,109,34,554,11,59,782,110,0.395,0.357,0.752,133,0.28,0.203,4.1,29,37,1117,87,457,76,920,530,1.35,7,10,59,10,4991,19327,0.257,207,18,92,25,14,51,6,67,8,3491,1400,126,0.986,5,120,48,28.6,151,113,38,74.8,48,7
81,2011,LG,133,59,2,72,0.45,579,620,-41,N,N,0.266,5158,4522,1203,192,15,94,1707,539,86,37,463,15,49,858,106,0.377,0.338,0.715,133,0.271,0.169,4.15,30,50,1173,80,512,71,827,550,1.41,2,11,57,15,5209,19771,0.261,206,28,98,34,20,52,6,97,11,3581,1417,131,0.981,20,110,51,31.7,168,116,52,69,53,4
82,2011,SK,133,71,3,59,0.546,584,522,62,N,Y,0.263,5124,4404,1157,204,18,100,1697,561,147,36,470,15,67,891,88,0.385,0.34,0.725,133,0.263,0.238,3.59,37,63,1001,93,541,65,1006,476,1.29,1,9,34,15,5032,20130,0.233,149,16,99,35,24,64,3,68,5,3577,1378,124,0.986,6,93,64,40.8,166,105,61,63.3,46,9
83,2011,넥센,133,51,2,80,0.389,512,622,-110,N,N,0.245,4989,4343,1065,187,23,79,1535,472,103,32,460,16,51,992,94,0.353,0.323,0.676,132,0.252,0.212,4.36,30,66,1167,81,601,76,830,568,1.51,0,10,44,13,5195,20610,0.268,194,20,115,46,16,73,1,96,8,3514,1495,142,0.981,14,175,68,28,154,99,55,64.3,47,11
84,2011,두산,133,61,2,70,0.466,614,619,-5,N,N,0.271,5204,4498,1221,196,27,92,1747,578,73,39,513,17,81,799,118,0.388,0.354,0.742,133,0.279,0.19,4.26,34,46,1231,96,476,75,855,563,1.44,4,7,51,12,5170,20081,0.276,198,30,110,45,19,70,6,81,9,3566,1463,132,0.984,6,96,71,42.5,187,130,57,69.5,70,3
85,2011,롯데,133,72,5,56,0.563,713,619,94,N,Y,0.288,5234,4599,1324,226,30,111,1943,666,61,44,466,19,64,836,124,0.422,0.358,0.78,133,0.29,0.229,4.2,27,45,1256,113,430,58,787,554,1.42,3,6,67,15,5114,19624,0.28,202,13,102,31,19,62,4,106,10,3561,1576,165,0.98,7,88,60,40.5,170,112,58,65.9,56,5
86,2011,삼성,133,79,4,50,0.612,625,513,112,Y,N,0.259,5145,4437,1150,193,20,95,1668,585,73,43,522,23,69,940,97,0.376,0.343,0.719,132,0.262,0.167,3.35,48,74,1191,92,395,38,841,445,1.33,1,12,65,8,5077,19378,0.263,183,19,87,30,8,40,5,75,5,3589,1298,115,0.985,6,91,50,35.5,209,158,51,75.6,54,9
87,2011,한화,133,59,2,72,0.45,568,727,-159,N,N,0.255,5085,4367,1112,160,14,93,1579,536,130,25,488,14,74,906,93,0.362,0.338,0.7,133,0.287,0.212,5.11,26,36,1273,128,524,55,938,667,1.53,4,6,44,12,5280,20442,0.278,223,18,79,44,10,91,2,82,4,3525,1284,104,0.983,6,136,36,20.9,176,100,76,56.8,42,13
88,2012,KIA,133,62,6,65,0.488,553,564,-11,N,N,0.256,5131,4348,1112,197,19,54,1509,518,132,47,544,18,60,790,100,0.347,0.343,0.69,132,0.267,0.178,3.9,27,33,1161,69,452,68,822,513,1.36,11,15,74,18,5101,19344,0.262,229,23,112,38,13,56,6,88,7,3551,1498,122,0.983,7,107,49,31.4,183,132,51,72.1,51,8
89,2012,LG,133,57,4,72,0.442,544,580,-36,N,N,0.261,5180,4539,1184,212,18,59,1609,512,80,50,458,19,53,857,107,0.354,0.332,0.686,132,0.253,0.197,4.02,35,64,1235,65,422,71,735,537,1.38,1,11,48,10,5188,19186,0.272,203,35,116,41,23,57,6,96,12,3606,1558,125,0.982,8,126,65,34,197,140,57,71.1,61,6
90,2012,SK,133,71,3,59,0.546,564,528,36,N,Y,0.258,4996,4347,1120,197,15,108,1671,523,118,28,445,19,58,864,85,0.384,0.333,0.717,131,0.256,0.197,3.82,40,69,1114,90,457,70,814,502,1.33,0,10,54,15,5007,19078,0.256,201,19,92,32,26,35,7,63,9,3544,1414,143,0.987,6,95,54,36.2,179,104,75,58.1,57,4
91,2012,넥센,133,61,3,69,0.469,549,551,-2,N,N,0.243,5021,4338,1056,189,28,102,1607,509,92,43,476,17,72,892,79,0.37,0.325,0.695,132,0.261,0.154,3.83,36,34,1131,80,535,74,853,505,1.4,3,6,64,11,5116,19743,0.259,202,18,104,43,9,62,0,78,12,3562,1510,145,0.985,7,170,54,24.1,251,179,72,71.3,53,16
92,2012,두산,133,68,3,62,0.523,524,519,5,N,Y,0.26,4938,4379,1139,172,26,59,1540,490,102,40,362,12,54,659,129,0.352,0.322,0.674,132,0.286,0.201,3.58,38,47,1053,66,491,57,802,475,1.29,9,12,80,14,5012,19215,0.243,198,23,99,34,17,57,4,78,11,3580,1472,124,0.985,12,101,68,40.2,167,116,51,69.5,62,10
93,2012,롯데,133,65,6,62,0.512,509,518,-9,N,Y,0.263,5043,4481,1179,202,16,73,1632,479,107,26,375,19,54,890,91,0.364,0.326,0.69,133,0.261,0.194,3.48,39,63,1145,74,469,53,825,460,1.36,3,9,57,15,5070,19536,0.259,162,7,96,30,20,65,1,83,8,3571,1469,119,0.984,4,109,61,35.9,172,119,53,69.2,46,7
94,2012,삼성,133,80,2,51,0.611,628,473,155,Y,Y,0.272,5161,4436,1205,200,26,89,1724,585,91,47,500,19,86,813,91,0.389,0.353,0.742,132,0.273,0.169,3.39,39,71,1085,65,384,37,885,448,1.24,3,13,67,5,4941,19074,0.247,196,21,82,43,14,46,5,67,13,3563,1337,105,0.987,7,122,49,28.7,173,125,48,72.3,63,8
95,2012,한화,133,53,3,77,0.408,509,647,-138,N,N,0.249,5057,4331,1077,208,12,71,1522,479,100,27,538,17,61,907,102,0.351,0.338,0.689,133,0.253,0.219,4.55,29,54,1148,106,488,68,936,593,1.4,3,6,60,12,5092,19601,0.263,186,14,121,47,18,82,3,73,3,3517,1428,104,0.985,9,165,60,26.7,160,107,53,66.9,50,16
96,2013,KIA,128,51,3,74,0.408,587,711,-124,N,N,0.261,5051,4318,1125,195,13,88,1610,545,78,42,537,8,75,864,110,0.373,0.349,0.722,127,0.258,0.24,5.12,32,50,1307,88,532,76,923,650,1.61,2,3,48,12,5200,20309,0.293,259,28,79,48,12,73,6,71,10,3427,1318,103,0.985,10,193,57,22.8,188,141,47,75,50,7
97,2013,LG,128,74,0,54,0.578,616,510,106,N,Y,0.282,4934,4291,1210,194,38,59,1657,574,91,42,451,11,59,806,80,0.386,0.355,0.741,128,0.295,0.252,3.72,42,86,1131,74,406,87,822,469,1.35,4,9,55,11,4848,18714,0.266,183,20,59,38,27,46,2,77,14,3404,1436,165,0.984,8,123,51,29.3,210,139,71,66.2,69,17
98,2013,NC,128,52,4,72,0.419,512,551,-39,N,N,0.244,4866,4282,1045,209,25,86,1562,485,55,31,434,11,62,955,94,0.365,0.32,0.685,127,0.257,0.176,3.96,26,31,1077,96,458,94,857,503,1.34,5,5,74,21,4919,19087,0.254,176,15,84,50,13,60,6,93,10,3433,1373,121,0.981,8,87,55,38.7,189,142,47,75.1,35,19
99,2013,SK,128,62,3,63,0.496,588,571,17,N,N,0.265,4950,4278,1134,189,20,124,1735,558,83,37,465,26,86,918,99,0.406,0.346,0.752,128,0.266,0.245,4.16,31,38,1091,101,505,70,878,527,1.4,4,8,65,17,4932,19108,0.257,217,12,75,42,15,66,5,84,14,3417,1350,128,0.983,11,81,47,36.7,207,144,63,69.6,42,13
100,2013,넥센,128,72,2,54,0.571,646,576,70,N,Y,0.272,5015,4294,1167,209,11,125,1773,607,76,42,505,12,98,912,94,0.413,0.358,0.771,127,0.28,0.2,4.12,50,70,1160,75,503,84,860,525,1.45,0,7,53,12,4996,19638,0.27,202,21,71,37,8,52,3,97,15,3439,1463,142,0.981,11,133,65,32.8,196,131,65,66.8,55,14
101,2013,두산,128,71,3,54,0.568,699,625,74,N,Y,0.289,5142,4401,1271,217,37,95,1847,654,82,56,524,19,79,717,105,0.42,0.37,0.79,128,0.289,0.295,4.57,30,42,1183,84,514,76,848,584,1.48,1,8,44,17,5043,19707,0.272,207,30,67,39,10,55,6,61,6,3451,1372,133,0.988,8,114,59,34.1,233,172,61,73.8,53,15
102,2013,롯데,128,66,4,58,0.532,556,553,3,N,N,0.261,4978,4289,1118,208,18,61,1545,522,74,41,502,22,72,862,92,0.36,0.345,0.705,128,0.259,0.279,3.93,38,64,1148,84,489,62,820,502,1.42,1,11,68,21,4986,19418,0.267,180,13,94,36,15,45,0,98,26,3448,1449,114,0.98,2,113,66,36.9,191,133,58,69.6,66,12
103,2013,삼성,128,75,2,51,0.595,669,545,124,Y,Y,0.283,5042,4370,1235,212,17,113,1820,624,84,41,453,9,93,818,98,0.416,0.359,0.775,128,0.298,0.208,3.98,31,49,1119,98,411,60,955,507,1.33,2,5,70,7,4896,19250,0.259,194,21,70,29,12,44,4,76,12,3440,1226,113,0.984,8,128,46,26.4,136,95,41,69.9,58,6
104,2013,한화,128,42,1,85,0.331,480,711,-231,N,N,0.259,4915,4271,1106,212,13,47,1485,448,54,30,479,11,80,933,140,0.348,0.343,0.691,128,0.253,0.211,5.31,22,34,1195,98,532,95,822,666,1.53,2,2,34,8,5073,19471,0.276,227,32,78,43,17,89,8,74,5,3387,1301,103,0.984,12,159,56,26,119,70,49,58.8,56,9
105,2014,KIA,128,54,0,74,0.422,662,788,-126,N,N,0.288,5023,4443,1279,246,27,121,1942,631,67,35,416,11,62,870,95,0.437,0.355,0.792,128,0.258,0.235,5.82,26,40,1289,116,561,67,896,725,1.65,2,5,42,21,5143,20272,0.293,252,32,66,52,8,78,1,94,7,3365,1348,131,0.98,7,162,64,28.3,184,121,63,65.8,59,7
106,2014,LG,128,62,2,64,0.492,668,643,25,N,Y,0.279,5070,4349,1214,213,22,90,1741,622,77,57,524,17,63,817,112,0.4,0.361,0.761,127,0.29,0.202,4.58,35,65,1211,104,419,95,810,581,1.43,2,9,47,21,5028,19440,0.275,195,27,72,44,25,51,1,91,10,3428,1414,125,0.982,9,119,48,28.7,169,105,64,62.1,51,9
107,2014,NC,128,70,1,57,0.551,737,608,129,N,Y,0.282,5031,4426,1249,228,36,143,1978,697,44,51,443,9,67,918,90,0.447,0.353,0.8,127,0.3,0.257,4.29,31,59,1174,117,481,73,848,541,1.46,3,4,59,19,5003,19320,0.271,223,12,78,38,8,50,5,87,6,3407,1384,125,0.982,9,94,43,31.4,201,154,47,76.6,44,7
108,2014,SK,128,61,2,65,0.484,735,760,-25,N,N,0.291,5082,4423,1285,245,22,115,1919,696,91,49,447,12,72,926,92,0.434,0.361,0.795,128,0.301,0.305,5.51,26,44,1271,153,522,68,837,692,1.59,2,3,41,15,5112,20141,0.287,239,21,60,36,19,67,1,107,3,3388,1373,132,0.978,6,103,51,33.1,185,139,46,75.1,50,11
109,2014,넥센,128,78,2,48,0.619,841,716,125,N,Y,0.298,5163,4434,1323,275,31,199,2257,786,65,40,523,10,101,849,100,0.509,0.382,0.891,128,0.286,0.233,5.25,35,55,1299,142,516,61,901,660,1.6,0,3,43,12,5107,20728,0.293,231,18,57,36,2,55,4,79,12,3395,1342,125,0.984,7,118,44,27.2,144,100,44,69.4,54,13
110,2014,두산,128,59,1,68,0.465,687,733,-46,N,N,0.293,5083,4427,1299,235,26,108,1910,646,81,43,468,10,64,731,103,0.431,0.366,0.797,128,0.282,0.194,5.43,19,61,1311,121,450,58,840,678,1.57,4,2,42,14,5066,19670,0.295,243,29,63,55,4,56,4,81,3,3371,1268,102,0.983,7,113,46,28.9,155,111,44,71.6,50,6
111,2014,롯데,128,58,1,69,0.457,716,719,-3,N,N,0.287,5194,4487,1288,252,26,121,1955,685,62,41,534,19,70,964,95,0.436,0.369,0.805,127,0.283,0.245,5.19,28,64,1310,127,471,52,781,654,1.57,0,4,46,14,5092,19761,0.295,250,26,82,42,13,54,1,89,16,3400,1407,134,0.982,11,84,37,30.6,104,63,41,60.6,49,2
112,2014,삼성,128,78,3,47,0.624,812,621,191,Y,Y,0.301,5152,4464,1345,238,23,161,2112,763,76,43,507,11,62,743,88,0.473,0.377,0.85,128,0.327,0.223,4.52,35,65,1217,120,395,61,996,575,1.41,3,6,63,18,4990,19628,0.275,257,24,66,40,11,51,3,77,6,3432,1171,104,0.984,8,100,44,30.6,207,161,46,77.8,60,10
113,2014,한화,128,49,2,77,0.389,619,889,-270,N,N,0.283,5055,4417,1251,223,24,104,1834,594,50,43,490,5,55,839,125,0.415,0.359,0.774,128,0.266,0.221,6.35,26,30,1451,162,537,81,748,796,1.76,2,3,37,11,5312,20365,0.318,265,48,69,59,14,83,3,113,7,3387,1344,126,0.977,12,110,59,34.9,111,70,41,63.1,46,5
114,2015,KIA,144,67,0,77,0.465,648,739,-91,N,N,0.251,5454,4777,1197,223,22,136,1872,602,79,43,454,16,101,1126,105,0.392,0.326,0.718,144,0.248,0.198,4.79,32,65,1371,143,572,98,979,678,1.53,1,10,44,17,5673,22126,0.283,252,31,101,49,22,80,4,84,14,3819,1537,148,0.985,6,140,56,28.6,165,115,50,69.7,60,13
115,2015,KT,144,52,1,91,0.364,670,875,-205,N,N,0.273,5605,4927,1344,221,15,129,1982,633,75,37,507,21,58,1112,118,0.402,0.345,0.747,142,0.272,0.267,5.56,16,31,1518,154,577,87,1046,782,1.65,3,3,34,10,5799,22867,0.303,273,25,87,43,17,86,4,118,14,3800,1530,159,0.978,6,139,64,31.5,176,124,52,70.5,58,10
116,2015,LG,144,64,2,78,0.451,653,721,-68,N,N,0.269,5599,4941,1331,252,22,114,1969,601,75,41,462,18,80,1076,98,0.399,0.339,0.738,144,0.245,0.218,4.62,25,44,1352,125,490,98,1063,657,1.44,3,5,57,15,5599,21661,0.277,227,26,91,37,30,82,3,103,14,3839,1608,162,0.981,8,127,52,29.1,175,113,62,64.6,55,9
117,2015,NC,144,84,3,57,0.596,844,655,189,N,Y,0.289,5727,4967,1437,283,28,161,2259,802,64,53,536,25,106,1023,105,0.455,0.367,0.822,144,0.293,0.28,4.26,37,55,1283,149,436,113,1057,605,1.34,1,11,55,11,5536,21650,0.264,221,17,79,50,13,60,3,83,3,3838,1460,133,0.985,5,85,37,30.3,264,204,60,77.3,50,14
118,2015,SK,144,69,2,73,0.486,693,724,-31,N,Y,0.272,5588,4861,1323,214,10,145,1992,656,110,29,490,13,98,1047,113,0.41,0.349,0.759,144,0.28,0.227,4.71,31,60,1358,153,517,70,1149,670,1.46,3,7,57,12,5646,22190,0.275,270,11,77,38,31,71,4,95,7,3842,1471,130,0.982,6,108,51,32.1,153,94,59,61.4,59,14
119,2015,넥센,144,78,1,65,0.545,904,790,114,N,Y,0.298,5811,5069,1512,304,20,203,2465,855,61,55,544,18,82,1098,112,0.486,0.372,0.858,141,0.298,0.27,4.91,29,44,1404,146,518,81,1066,701,1.49,1,7,49,11,5709,22181,0.281,236,28,70,45,8,85,4,110,24,3858,1540,138,0.98,10,111,52,31.9,147,100,47,68,72,16
120,2015,두산,144,79,0,65,0.549,807,776,31,Y,Y,0.29,5759,4957,1436,254,22,140,2154,770,75,60,567,24,99,820,139,0.435,0.37,0.805,143,0.287,0.262,5.02,30,57,1385,138,584,77,1064,718,1.53,3,10,58,18,5762,22557,0.28,248,22,104,45,15,72,11,93,7,3858,1498,134,0.983,6,109,48,30.6,158,111,47,70.3,56,6
121,2015,롯데,144,66,1,77,0.462,765,802,-37,N,N,0.28,5680,4972,1393,254,19,177,2216,727,80,28,532,22,68,1186,136,0.446,0.356,0.802,144,0.274,0.183,5.07,19,47,1461,164,489,87,1015,722,1.52,3,5,59,18,5724,22356,0.291,253,13,76,49,26,89,3,114,10,3844,1569,138,0.979,16,107,54,33.5,154,104,50,67.5,56,9
122,2015,삼성,144,88,0,56,0.611,897,716,181,N,Y,0.302,5803,5019,1515,259,25,176,2352,850,76,57,581,21,70,930,109,0.469,0.378,0.847,143,0.311,0.239,4.69,34,60,1323,182,423,64,1194,665,1.37,4,7,75,10,5523,21832,0.268,270,17,67,37,11,44,2,96,9,3826,1304,104,0.982,8,80,49,38,209,157,52,75.1,60,6
123,2015,한화,144,68,0,76,0.472,717,800,-83,N,N,0.271,5716,4852,1316,218,19,130,1962,667,139,35,581,33,109,1135,112,0.404,0.36,0.764,144,0.269,0.207,5.11,32,44,1349,157,648,96,920,727,1.56,5,7,37,14,5771,22825,0.275,232,12,82,45,38,85,9,105,9,3839,1582,145,0.981,14,165,63,27.6,127,80,47,63,57,14
124,2016,KIA,144,70,1,73,0.49,803,785,18,N,Y,0.286,5696,4999,1429,264,28,170,2259,754,66,45,499,12,87,997,109,0.452,0.358,0.81,144,0.288,0.286,4.97,38,74,1456,131,561,59,965,705,1.58,7,5,58,21,5771,22527,0.29,230,23,75,54,18,69,7,111,10,3828,1441,139,0.979,4,136,49,26.5,151,101,50,66.9,52,12
125,2016,KT,144,53,2,89,0.373,672,927,-255,N,N,0.276,5620,4963,1369,214,11,116,1953,639,65,45,499,7,48,933,130,0.394,0.345,0.739,144,0.278,0.22,5.92,27,48,1593,145,560,84,980,838,1.69,1,2,38,15,5896,23328,0.31,315,38,73,45,9,77,9,130,5,3819,1550,151,0.976,11,115,55,32.4,142,96,46,67.6,58,11
126,2016,LG,144,71,2,71,0.5,786,807,-21,N,Y,0.29,5765,5051,1464,238,26,118,2108,744,65,54,523,10,72,982,92,0.417,0.361,0.778,143,0.286,0.236,5.04,34,75,1426,122,539,109,909,721,1.53,2,5,53,16,5782,22100,0.284,243,23,64,56,27,84,1,103,12,3863,1580,139,0.981,9,80,49,38,191,121,70,63.4,70,13
127,2016,NC,144,83,3,58,0.589,857,690,167,N,Y,0.291,5833,5007,1457,249,19,169,2251,808,70,52,609,18,93,1023,133,0.45,0.375,0.825,143,0.302,0.239,4.48,36,62,1314,137,516,86,1147,640,1.42,0,10,42,13,5643,22029,0.266,208,18,53,40,2,84,7,100,4,3859,1430,136,0.981,3,70,43,38.1,140,99,41,70.7,48,3
128,2016,SK,144,69,0,75,0.479,753,784,-31,N,N,0.291,5672,5023,1464,234,19,182,2282,715,71,47,429,13,102,1018,104,0.454,0.356,0.81,142,0.276,0.299,4.87,31,43,1386,151,527,76,945,689,1.5,1,5,60,12,5659,21558,0.28,232,22,61,48,18,65,7,123,7,3822,1691,149,0.978,4,106,64,37.6,149,89,60,59.7,71,8
129,2016,넥센,144,77,1,66,0.538,813,757,56,N,Y,0.293,5702,4990,1464,254,39,134,2198,765,34,59,556,17,63,956,121,0.44,0.368,0.808,144,0.306,0.244,4.96,38,74,1487,152,435,68,895,705,1.5,0,4,45,17,5684,21627,0.294,249,27,66,59,3,50,3,94,8,3841,1460,121,0.983,11,98,60,38,237,154,83,65,56,11
130,2016,두산,144,93,1,50,0.65,935,682,253,Y,Y,0.298,5841,5044,1504,284,25,183,2387,877,43,68,600,11,86,884,121,0.473,0.378,0.851,144,0.305,0.261,4.45,36,55,1385,136,498,77,982,636,1.46,2,7,75,15,5658,22155,0.279,246,30,59,51,7,66,4,79,8,3863,1522,160,0.986,4,82,44,34.9,130,85,45,65.4,64,4
131,2016,롯데,144,66,0,78,0.458,777,865,-88,N,N,0.288,5784,5001,1439,252,20,127,2112,732,62,41,596,18,83,1061,120,0.422,0.37,0.792,144,0.285,0.251,5.63,27,59,1486,161,585,78,1009,792,1.64,2,5,50,18,5785,22761,0.297,276,32,60,52,27,82,5,91,14,3799,1545,142,0.983,14,90,59,39.6,209,145,64,69.4,55,10
132,2016,삼성,144,65,1,78,0.455,852,869,-17,N,N,0.293,5863,5093,1492,249,34,142,2235,792,88,55,552,15,75,864,119,0.439,0.367,0.806,144,0.298,0.221,5.64,34,60,1507,193,518,87,935,804,1.58,2,4,49,18,5799,22623,0.296,251,20,59,43,6,52,8,90,12,3847,1410,140,0.983,8,115,58,33.5,154,104,50,67.5,51,5
133,2016,한화,144,66,3,75,0.468,826,908,-82,N,N,0.289,5838,5109,1478,242,27,142,2200,787,87,41,510,19,91,1025,123,0.431,0.362,0.793,144,0.301,0.28,5.76,24,39,1520,155,634,76,976,827,1.67,1,2,25,13,5937,23157,0.299,230,15,81,59,23,72,6,124,7,3878,1497,152,0.977,8,124,66,34.7,102,64,38,62.7,58,10
134,2017,KIA,144,87,1,56,0.608,906,743,163,Y,Y,0.302,5841,5142,1554,292,29,170,2414,868,55,56,499,19,89,891,117,0.469,0.37,0.839,144,0.324,0.254,4.79,33,46,1518,137,434,77,985,687,1.51,5,5,75,18,5748,22223,0.295,255,21,52,46,22,69,4,98,4,3870,1498,153,0.982,12,69,45,39.5,110,76,34,69.1,46,8
135,2017,KT,144,50,0,94,0.347,655,876,-221,N,N,0.275,5485,4937,1360,274,17,119,2025,625,62,45,374,11,66,1017,118,0.41,0.332,0.742,144,0.29,0.239,5.75,22,41,1524,174,433,95,913,803,1.56,4,7,49,18,5702,21518,0.301,283,27,68,49,11,77,6,112,6,3768,1460,134,0.979,10,109,43,28.3,137,86,51,62.8,54,8
136,2017,LG,144,69,3,72,0.489,699,677,22,N,N,0.281,5614,4944,1390,216,20,110,1976,663,76,55,438,17,101,1021,123,0.4,0.348,0.748,144,0.295,0.217,4.3,32,66,1305,124,379,102,1040,611,1.32,4,6,62,18,5507,21107,0.266,249,29,57,54,31,81,3,103,12,3837,1434,127,0.981,9,62,37,37.4,133,77,56,57.9,50,9
137,2017,NC,144,79,3,62,0.56,786,745,41,N,Y,0.293,5790,5079,1489,277,19,149,2251,739,62,48,471,19,130,979,119,0.443,0.365,0.808,144,0.292,0.249,4.71,32,51,1342,169,470,93,1097,673,1.41,1,10,48,11,5640,22176,0.269,208,9,63,29,12,93,3,108,4,3854,1432,134,0.98,4,64,42,39.6,125,93,32,74.4,59,7
138,2017,SK,144,75,1,68,0.524,761,767,-6,N,Y,0.271,5564,4925,1337,222,15,234,2291,733,57,41,427,20,113,1100,97,0.465,0.341,0.806,144,0.273,0.237,5.02,30,64,1443,154,481,105,940,709,1.51,2,4,57,24,5692,21752,0.288,271,17,58,36,35,61,7,108,15,3812,1552,139,0.98,8,80,39,32.8,95,53,42,55.8,33,7
139,2017,넥센,144,69,2,73,0.486,789,764,25,N,N,0.29,5712,5098,1479,267,30,141,2229,748,21,42,468,15,83,1066,129,0.437,0.357,0.794,144,0.29,0.23,5.03,40,66,1488,149,388,97,1005,710,1.48,2,5,60,18,5663,21258,0.292,280,21,47,40,10,56,3,91,7,3813,1424,125,0.983,8,73,43,37.1,104,70,34,67.3,55,2
140,2017,두산,144,84,3,57,0.596,849,678,171,N,Y,0.294,5833,5102,1499,270,20,178,2343,812,48,47,541,19,95,960,120,0.459,0.369,0.828,144,0.296,0.2,4.38,35,46,1405,125,464,87,956,627,1.45,3,9,69,13,5682,22169,0.28,234,31,77,39,11,54,4,90,9,3864,1468,138,0.983,5,64,36,36,102,69,33,67.6,36,8
141,2017,롯데,144,80,2,62,0.563,743,701,42,N,Y,0.285,5671,4994,1425,250,17,151,2162,697,76,32,457,33,112,1018,146,0.433,0.356,0.789,144,0.28,0.229,4.56,39,59,1357,162,477,79,1096,652,1.42,1,10,61,21,5634,21978,0.273,245,20,51,50,25,67,7,86,10,3862,1514,132,0.984,14,87,45,34.1,136,92,44,67.6,52,10
142,2017,삼성,144,55,5,84,0.396,757,911,-154,N,N,0.279,5707,5095,1419,255,36,145,2181,703,58,55,429,17,70,983,97,0.428,0.34,0.768,144,0.285,0.22,5.88,27,34,1541,187,548,118,1063,837,1.63,1,3,43,12,5916,23196,0.3,281,28,56,59,15,74,4,95,6,3844,1454,152,0.982,14,64,35,35.4,135,98,37,72.6,53,6
143,2017,한화,144,61,2,81,0.43,737,820,-83,N,N,0.287,5665,5030,1445,261,16,150,2188,684,85,38,416,15,94,974,112,0.435,0.35,0.785,144,0.29,0.281,5.28,31,49,1474,166,446,100,914,747,1.51,1,5,54,21,5698,22066,0.293,278,16,71,57,13,77,4,91,4,3819,1500,151,0.983,11,78,42,35,108,64,44,59.3,58,12
144,2018,KIA,144,70,0,74,0.486,865,826,39,N,Y,0.295,5744,5036,1487,258,22,170,2299,823,56,50,503,27,99,905,135,0.457,0.367,0.824,144,0.302,0.207,5.4,26,43,1511,181,445,69,1017,763,1.54,4,5,50,20,5708,21852,0.297,271,17,47,51,28,65,3,94,8,3812,1371,127,0.982,11,95,40,29.6,125,88,37,70.4,53,6
145,2018,KT,144,59,3,82,0.418,757,834,-77,N,N,0.275,5605,5026,1382,264,13,206,2290,721,43,26,464,14,46,1109,103,0.456,0.34,0.796,144,0.273,0.262,5.34,24,45,1580,194,409,84,1025,756,1.56,4,5,59,18,5743,21948,0.307,272,23,56,43,25,63,1,99,9,3823,1502,161,0.982,21,99,42,29.8,137,80,57,58.4,63,7
146,2018,LG,144,68,1,75,0.476,788,816,-28,N,N,0.293,5665,5070,1487,299,12,148,2254,740,51,51,418,14,75,1001,125,0.445,0.353,0.798,144,0.307,0.245,5.29,29,43,1434,159,453,89,1058,746,1.49,3,7,64,17,5677,21711,0.285,266,19,45,50,13,72,4,100,7,3806,1404,121,0.981,10,100,41,29.1,109,71,38,65.1,48,7
147,2018,NC,144,58,1,85,0.406,660,844,-184,N,N,0.261,5488,4895,1280,233,18,143,1978,629,35,43,427,15,88,1081,115,0.404,0.329,0.733,143,0.268,0.284,5.48,24,51,1443,186,537,68,1010,769,1.57,1,4,45,20,5701,22506,0.289,248,20,45,51,17,92,6,107,7,3792,1401,141,0.98,19,86,46,34.8,117,82,35,70.1,48,8
148,2018,SK,144,78,1,65,0.545,829,729,100,Y,Y,0.281,5682,4992,1403,234,13,233,2362,791,54,34,483,6,119,1079,103,0.473,0.356,0.829,144,0.288,0.241,4.67,29,63,1353,189,425,74,1130,662,1.39,0,7,60,21,5563,21347,0.271,232,17,39,24,15,62,2,116,6,3824,1434,133,0.978,6,95,39,29.1,147,108,39,73.5,51,10
149,2018,넥센,144,75,0,69,0.521,825,780,45,N,Y,0.288,5780,5141,1481,288,19,165,2302,787,32,50,472,25,85,1208,93,0.448,0.355,0.803,144,0.296,0.265,5.08,32,72,1442,178,416,98,1021,723,1.45,4,2,63,23,5646,21381,0.285,252,18,41,33,13,59,4,106,16,3846,1506,147,0.981,7,70,39,35.8,134,101,33,75.4,45,6
150,2018,두산,144,93,0,51,0.646,944,756,188,N,Y,0.309,5870,5176,1601,284,30,191,2518,898,43,63,496,16,92,1016,112,0.486,0.376,0.862,144,0.317,0.263,4.98,41,56,1401,154,476,109,1025,713,1.46,1,9,73,17,5700,21946,0.279,266,16,42,43,17,72,2,77,2,3866,1403,147,0.986,8,68,43,38.7,119,96,23,80.7,54,7
151,2018,롯데,144,68,2,74,0.479,821,846,-25,N,N,0.289,5764,5130,1484,289,17,203,2416,792,45,37,471,22,81,1157,124,0.471,0.356,0.827,144,0.29,0.25,5.37,29,64,1410,166,548,73,1164,766,1.53,0,6,43,22,5788,22871,0.279,295,26,63,43,23,65,7,117,5,3851,1426,132,0.978,14,101,41,28.9,100,68,32,68,46,10
152,2018,삼성,144,68,4,72,0.486,776,802,-26,N,N,0.288,5766,5109,1471,241,29,146,2208,732,57,45,468,14,87,1034,115,0.432,0.355,0.787,144,0.282,0.237,5.19,33,56,1477,185,441,107,1114,741,1.49,0,5,58,17,5740,22530,0.289,291,18,40,43,10,45,5,79,5,3856,1337,133,0.985,7,100,38,27.5,168,116,52,69,46,4
153,2018,한화,144,77,0,67,0.535,729,761,-32,N,Y,0.275,5539,4972,1369,249,14,151,2099,668,31,28,420,17,88,1098,113,0.422,0.341,0.763,144,0.283,0.231,4.93,37,62,1394,164,472,89,1124,698,1.46,0,5,45,13,5637,22342,0.279,246,13,29,46,9,78,7,99,10,3822,1397,141,0.981,11,83,41,33.1,182,118,64,64.8,58,10
154,2019,KIA,144,62,2,80,0.437,605,723,-118,N,N,0.264,5505,4874,1286,248,19,76,1800,567,31,45,497,13,58,919,108,0.369,0.336,0.705,144,0.256,0.19,4.65,30,64,1362,101,504,76,976,653,1.48,3,11,59,13,5614,21353,0.276,257,24,35,61,17,51,2,110,5,3792,1381,126,0.979,9,116,50,30.1,129,87,42,67.4,61,7
155,2019,KT,144,71,2,71,0.5,650,661,-11,N,N,0.277,5582,4965,1375,187,20,103,1911,615,45,45,475,15,52,975,113,0.385,0.344,0.729,144,0.27,0.218,4.29,37,59,1303,118,481,61,848,608,1.4,2,10,62,9,5533,20662,0.266,225,25,47,42,17,50,6,102,7,3831,1479,137,0.981,15,90,43,32.3,148,104,44,70.3,58,8
156,2019,LG,144,79,1,64,0.552,641,633,8,N,Y,0.267,5536,4928,1316,233,15,94,1861,604,49,48,434,17,77,962,117,0.378,0.333,0.711,144,0.265,0.222,3.86,43,62,1257,89,499,91,953,551,1.37,1,9,73,13,5555,20969,0.258,223,23,40,48,15,64,1,95,6,3850,1507,139,0.983,7,115,41,26.3,155,108,47,69.7,38,6
157,2019,NC,144,73,2,69,0.514,674,631,43,N,Y,0.278,5631,4968,1383,249,26,128,2068,639,64,60,456,14,83,880,126,0.416,0.345,0.761,144,0.266,0.179,4.01,32,68,1285,103,483,92,991,572,1.38,5,8,60,17,5578,21407,0.262,199,19,41,54,10,68,2,95,6,3853,1477,130,0.982,4,64,49,43.4,132,87,45,65.9,53,7
158,2019,SK,144,88,1,55,0.615,655,546,109,N,Y,0.262,5542,4919,1290,218,14,117,1887,622,35,38,462,20,87,966,92,0.384,0.334,0.718,144,0.278,0.252,3.48,51,92,1240,99,436,50,1092,500,1.3,0,19,78,8,5463,20930,0.254,176,14,48,44,12,50,4,87,9,3877,1416,131,0.984,3,105,31,22.8,168,118,50,70.2,51,12
159,2019,두산,144,88,1,55,0.615,736,550,186,Y,Y,0.278,5670,4913,1364,235,31,84,1913,691,39,83,563,16,72,799,117,0.389,0.355,0.744,144,0.277,0.202,3.51,44,69,1259,78,380,70,860,500,1.28,3,10,81,16,5434,20630,0.257,231,22,41,53,22,48,5,83,8,3851,1430,131,0.985,6,96,32,25,140,102,38,72.9,59,7
160,2019,롯데,144,48,3,93,0.34,578,764,-186,N,N,0.25,5488,4919,1231,214,22,90,1759,545,35,40,429,12,65,1085,108,0.358,0.316,0.674,144,0.25,0.193,4.83,16,47,1407,120,546,71,1033,682,1.54,1,8,47,17,5729,21946,0.282,242,20,58,64,33,103,4,114,8,3813,1432,131,0.979,11,91,44,32.6,96,65,31,67.7,49,8
161,2019,삼성,144,60,1,83,0.42,622,731,-109,N,N,0.256,5533,4866,1245,230,26,122,1893,598,58,53,478,15,78,976,107,0.389,0.329,0.718,143,0.254,0.204,4.64,29,60,1332,125,523,70,924,658,1.45,4,8,54,15,5638,21721,0.269,253,37,40,56,9,49,5,105,4,3826,1370,132,0.98,9,90,38,29.7,149,107,42,71.8,45,7
162,2019,키움,144,86,1,57,0.601,780,572,208,N,Y,0.282,5658,4991,1405,251,38,112,2068,741,36,48,514,13,69,943,122,0.414,0.354,0.768,144,0.3,0.276,3.61,39,91,1293,61,371,58,984,513,1.3,2,12,76,11,5427,20160,0.263,244,24,42,39,3,45,6,99,13,3837,1509,128,0.982,6,92,46,33.3,143,110,33,76.9,37,6
163,2019,한화,144,58,0,86,0.403,607,737,-130,N,N,0.256,5482,4882,1250,223,16,88,1769,562,44,45,441,12,70,1090,112,0.362,0.324,0.686,143,0.255,0.187,4.8,28,43,1407,120,526,72,934,677,1.52,2,8,48,17,5656,21848,0.283,238,19,44,44,9,66,4,106,8,3806,1488,151,0.98,10,104,49,32,156,105,51,67.3,51,6
164,2020,KIA,144,73,0,71,0.507,724,795,-71,N,N,0.274,5642,4937,1355,224,13,130,1995,692,63,38,535,10,69,957,114,0.404,0.351,0.755,144,0.284,0.258,5.13,33,79,1399,120,559,70,1038,724,1.54,1,5,57,18,5681,22134,0.284,265,34,59,59,8,78,4,100,7,3810,1480,169,0.981,10,82,46,35.9,72,47,25,65.3,47,6
165,2020,KT,144,81,1,62,0.566,813,715,98,N,Y,0.284,5762,5047,1432,238,21,163,2201,767,64,45,554,20,52,1097,104,0.436,0.358,0.794,144,0.289,0.192,4.54,33,71,1357,118,523,59,848,651,1.46,0,5,56,23,5680,21496,0.271,227,9,45,48,20,75,1,102,4,3871,1486,154,0.981,10,75,21,21.9,156,106,50,67.9,49,6
166,2020,LG,144,79,4,61,0.564,802,694,108,N,Y,0.277,5681,4999,1384,253,29,149,2142,760,49,49,509,21,75,969,115,0.428,0.349,0.777,144,0.31,0.223,4.37,29,67,1344,123,493,86,1019,627,1.42,2,13,70,19,5655,21725,0.27,240,17,38,56,12,49,4,80,6,3878,1460,156,0.985,9,89,36,28.8,122,83,39,68,64,5
167,2020,NC,144,83,6,55,0.601,888,714,174,Y,Y,0.291,5833,5102,1483,258,28,187,2358,845,46,51,529,21,104,997,106,0.462,0.366,0.828,144,0.33,0.286,4.58,31,88,1292,153,547,79,1049,660,1.42,0,7,59,19,5690,22362,0.26,199,15,53,35,10,65,7,87,9,3890,1294,120,0.983,10,49,42,46.2,139,101,38,72.7,49,7
168,2020,SK,144,51,1,92,0.357,634,846,-212,N,N,0.25,5502,4839,1212,177,17,143,1852,595,49,34,511,18,69,981,112,0.383,0.329,0.712,144,0.254,0.203,5.57,20,53,1343,162,670,84,953,780,1.6,1,3,47,19,5727,22729,0.275,225,17,41,46,12,85,5,99,6,3778,1326,139,0.981,6,129,57,30.6,126,81,45,64.3,44,16
169,2020,두산,144,79,4,61,0.564,816,695,121,N,Y,0.293,5776,5046,1477,263,20,125,2155,778,38,73,551,20,68,796,132,0.427,0.365,0.792,142,0.291,0.246,4.31,23,45,1395,109,478,61,1046,616,1.46,1,13,63,15,5681,22408,0.276,258,25,48,41,22,52,4,85,10,3857,1282,126,0.984,6,91,25,21.6,125,88,37,70.4,63,4
170,2020,롯데,144,71,1,72,0.497,750,720,30,N,N,0.276,5669,4958,1366,252,6,131,2023,711,39,48,569,18,55,875,148,0.408,0.353,0.761,144,0.283,0.216,4.64,25,59,1351,143,447,58,1002,659,1.41,1,16,59,18,5583,21520,0.271,241,17,51,40,25,62,4,94,3,3832,1444,124,0.982,7,95,28,22.8,121,90,31,74.4,52,3
171,2020,삼성,144,64,5,75,0.46,699,745,-46,N,N,0.268,5574,4923,1317,211,12,129,1939,658,50,53,486,10,62,990,117,0.394,0.338,0.732,144,0.272,0.26,4.78,25,80,1330,151,542,67,931,676,1.47,3,11,53,19,5634,22269,0.27,222,16,50,47,16,55,5,102,9,3817,1310,126,0.98,6,57,38,40,181,132,49,72.9,42,14
172,2020,키움,144,80,1,63,0.559,759,692,67,N,Y,0.269,5721,4945,1332,254,25,127,2017,713,43,52,608,16,73,1030,107,0.408,0.355,0.763,144,0.281,0.211,4.39,42,81,1336,126,446,73,950,624,1.39,0,6,53,18,5556,21349,0.27,208,15,50,39,16,51,7,112,15,3841,1544,143,0.98,8,87,39,31,140,113,27,80.7,40,11
173,2020,한화,144,46,3,95,0.326,551,820,-269,N,N,0.245,5483,4862,1189,195,12,79,1645,523,45,25,462,9,89,1163,119,0.338,0.32,0.658,144,0.245,0.22,5.28,21,54,1400,158,609,79,1019,742,1.59,1,6,40,15,5756,22882,0.282,240,18,51,57,22,76,5,100,7,3795,1279,133,0.981,10,120,45,27.3,87,51,36,58.6,43,4
174,2021,KIA,144,58,10,76,0.433,568,752,-184,N,N,0.248,5577,4831,1198,183,21,66,1621,546,41,37,595,16,73,921,119,0.336,0.337,0.673,143,0.263,0.203,4.89,36,94,1286,134,622,104,951,690,1.5,1,6,39,16,5701,22375,0.265,214,16,58,63,5,59,9,110,9,3807,1368,139,0.979,10,92,43,31.9,104,73,31,70.2,46,8
175,2021,KT,144,76,9,59,0.563,719,584,135,Y,Y,0.265,5627,4810,1276,219,11,106,1835,673,69,44,645,27,58,1047,105,0.381,0.356,0.737,142,0.27,0.224,3.67,33,74,1176,86,489,42,1062,515,1.32,2,6,76,16,5397,20893,0.246,184,13,46,48,18,56,1,112,7,3792,1466,133,0.979,7,93,31,25,158,112,46,70.9,50,6
176,2021,LG,144,72,14,58,0.554,654,561,93,N,Y,0.25,5533,4750,1188,210,11,110,1750,621,52,45,592,16,94,926,102,0.368,0.342,0.71,143,0.253,0.269,3.57,32,81,1126,80,545,98,1068,505,1.31,0,18,50,14,5453,21456,0.238,197,18,45,43,18,43,5,91,4,3817,1481,147,0.983,12,98,40,29,126,92,34,73,43,15
177,2021,NC,144,67,9,68,0.496,702,697,5,N,N,0.261,5532,4808,1254,203,17,170,2001,670,59,43,511,14,111,1093,94,0.416,0.343,0.759,143,0.26,0.224,4.54,33,80,1268,125,592,77,1055,634,1.48,3,10,53,18,5622,22346,0.26,231,15,34,41,14,75,8,111,4,3770,1292,105,0.979,5,84,40,32.3,147,101,46,68.7,39,9
178,2021,SSG,144,66,14,64,0.508,755,741,14,N,N,0.261,5736,4899,1278,204,13,185,2063,712,55,52,637,23,93,1056,106,0.421,0.353,0.774,143,0.261,0.259,4.82,25,56,1296,149,629,78,1012,684,1.51,0,5,42,24,5706,22459,0.265,214,14,54,50,27,41,9,102,14,3830,1409,123,0.981,12,105,46,30.5,143,100,43,69.9,42,3
179,2021,두산,144,71,8,65,0.522,738,656,82,N,Y,0.268,5645,4900,1314,235,17,110,1913,698,46,53,560,13,86,943,137,0.39,0.35,0.74,143,0.29,0.259,4.26,28,61,1295,104,587,73,1045,601,1.48,2,10,55,15,5631,22163,0.267,212,21,61,61,16,52,7,89,8,3808,1296,120,0.983,10,83,48,36.6,118,81,37,68.6,48,11
180,2021,롯데,144,65,8,71,0.478,727,808,-81,N,N,0.278,5726,5009,1393,266,10,107,2000,697,38,46,579,19,54,969,114,0.399,0.356,0.755,144,0.286,0.253,5.37,37,76,1333,133,659,87,1054,758,1.57,1,12,46,15,5759,22835,0.271,253,16,53,40,19,102,5,85,9,3813,1403,123,0.984,8,101,44,30.3,91,60,31,65.9,54,8
181,2021,삼성,144,76,9,59,0.563,712,658,54,N,Y,0.267,5552,4836,1292,204,18,133,1931,669,48,68,545,21,55,902,98,0.399,0.344,0.743,144,0.265,0.213,4.3,46,80,1297,131,530,51,1038,601,1.45,2,14,66,13,5536,21926,0.266,230,24,45,36,13,58,3,88,6,3777,1335,130,0.983,5,61,26,29.9,160,116,44,72.5,47,7
182,2021,키움,144,70,7,67,0.511,722,700,22,N,Y,0.259,5653,4874,1262,244,28,91,1835,671,35,56,595,17,93,1053,93,0.376,0.347,0.723,143,0.279,0.227,4.31,30,56,1281,101,566,80,900,605,1.46,1,7,57,16,5599,21670,0.264,223,7,55,48,27,59,4,129,14,3790,1532,152,0.976,5,85,35,29.2,123,97,26,78.9,39,3
183,2021,한화,144,49,12,83,0.371,599,739,-140,N,N,0.237,5495,4685,1111,213,17,80,1598,554,54,49,633,14,74,1286,110,0.341,0.334,0.675,143,0.248,0.195,4.65,21,62,1208,115,673,101,1011,650,1.49,1,6,41,19,5672,22852,0.252,223,19,46,63,23,56,11,120,7,3776,1262,121,0.977,7,111,41,27,165,109,56,66.1,59,14
